"BYID","YAID","DyadID","BY_age","BY_noChild","YA_age","YA_noChild","NoGuns","MetalRoof","Council","Mother_natal","Wife_natal","Frequency","hunt_bin","SmithsS_BYSkill"
"BY01","YA03","YA03_BY01",50,5,54,0,0,0,0,1,0,"never",0,0.130666666666667
"BY01","YA13","YA13_BY01",50,5,55,4,2,1,1,0,0,"often",1,0.130666666666667
"BY01","YA02","YA02_BY01",50,5,56,6,2,1,1,1,1,"never",0,0.130666666666667
"BY01","YA01","YA01_BY01",50,5,41,14,2,1,1,1,0,"never",0,0.130666666666667
"BY01","YA11","YA11_BY01",50,5,41,1,0,0,0,0,0,"sometime",1,0.130666666666667
"BY01","YA14","YA14_BY01",50,5,35,4,1,1,0,1,0,"never",0,0.130666666666667
"BY01","YA12","YA12_BY01",50,5,33,5,2,1,1,1,0,"never",0,0.130666666666667
"BY01","YA17","YA17_BY01",50,5,47,11,2,1,1,0,0,"never",0,0.130666666666667
"BY01","YA04","YA04_BY01",50,5,52,8,1,1,1,1,0,"sometime",1,0.130666666666667
"BY01","YA18","YA18_BY01",50,5,56,7,2,1,1,1,1,"never",0,0.130666666666667
"BY01","YA10","YA10_BY01",50,5,40,1,0,0,0,1,0,"sometime",1,0.130666666666667
"BY01","YA07","YA07_BY01",50,5,60,14,1,1,1,0,1,"never",0,0.130666666666667
"BY01","YA06","YA06_BY01",50,5,40,2,0,1,0,0,0,"never",0,0.130666666666667
"BY01","YA16","YA16_BY01",50,5,40,4,0,0,0,0,1,"never",0,0.130666666666667
"BY01","YA09","YA09_BY01",50,5,45,7,1,0,1,1,0,"sometime",1,0.130666666666667
"BY01","YA08","YA08_BY01",50,5,36,7,1,0,0,1,0,"never",0,0.130666666666667
"BY01","YA05","YA05_BY01",50,5,64,7,0,0,1,1,1,"never",0,0.130666666666667
"BY01","YA15","YA15_BY01",50,5,35,2,0,0,0,1,1,"never",0,0.130666666666667
"BY03","YA01","YA01_BY03",30,8,41,14,2,1,1,1,0,"never",0,0
"BY03","YA02","YA02_BY03",30,8,56,6,2,1,1,1,1,"never",0,0
"BY03","YA03","YA03_BY03",30,8,54,0,0,0,0,1,0,"never",0,0
"BY03","YA04","YA04_BY03",30,8,52,8,1,1,1,1,0,"never",0,0
"BY03","YA05","YA05_BY03",30,8,64,7,0,0,1,1,1,"never",0,0
"BY03","YA06","YA06_BY03",30,8,40,2,0,1,0,0,0,"never",0,0
"BY03","YA07","YA07_BY03",30,8,60,14,1,1,1,0,1,"never",0,0
"BY03","YA08","YA08_BY03",30,8,36,7,1,0,0,1,0,"never",0,0
"BY03","YA09","YA09_BY03",30,8,45,7,1,0,1,1,0,"never",0,0
"BY03","YA10","YA10_BY03",30,8,40,1,0,0,0,1,0,"never",0,0
"BY03","YA11","YA11_BY03",30,8,41,1,0,0,0,0,0,"never",0,0
"BY03","YA12","YA12_BY03",30,8,33,5,2,1,1,1,0,"never",0,0
"BY03","YA13","YA13_BY03",30,8,55,4,2,1,1,0,0,"never",0,0
"BY03","YA14","YA14_BY03",30,8,35,4,1,1,0,1,0,"never",0,0
"BY03","YA15","YA15_BY03",30,8,35,2,0,0,0,1,1,"never",0,0
"BY03","YA16","YA16_BY03",30,8,40,4,0,0,0,0,1,"never",0,0
"BY03","YA17","YA17_BY03",30,8,47,11,2,1,1,0,0,"never",0,0
"BY03","YA18","YA18_BY03",30,8,56,7,2,1,1,1,1,"never",0,0
"BY04","YA07","YA07_BY04",50,4,60,14,1,1,1,0,1,"never",0,0.0426666666666667
"BY04","YA02","YA02_BY04",50,4,56,6,2,1,1,1,1,"never",0,0.0426666666666667
"BY04","YA03","YA03_BY04",50,4,54,0,0,0,0,1,0,"never",0,0.0426666666666667
"BY04","YA01","YA01_BY04",50,4,41,14,2,1,1,1,0,"never",0,0.0426666666666667
"BY04","YA04","YA04_BY04",50,4,52,8,1,1,1,1,0,"never",0,0.0426666666666667
"BY04","YA05","YA05_BY04",50,4,64,7,0,0,1,1,1,"never",0,0.0426666666666667
"BY04","YA14","YA14_BY04",50,4,35,4,1,1,0,1,0,"often",1,0.0426666666666667
"BY04","YA06","YA06_BY04",50,4,40,2,0,1,0,0,0,"never",0,0.0426666666666667
"BY04","YA10","YA10_BY04",50,4,40,1,0,0,0,1,0,"never",0,0.0426666666666667
"BY04","YA15","YA15_BY04",50,4,35,2,0,0,0,1,1,"never",0,0.0426666666666667
"BY04","YA17","YA17_BY04",50,4,47,11,2,1,1,0,0,"never",0,0.0426666666666667
"BY04","YA16","YA16_BY04",50,4,40,4,0,0,0,0,1,"never",0,0.0426666666666667
"BY04","YA11","YA11_BY04",50,4,41,1,0,0,0,0,0,"never",0,0.0426666666666667
"BY04","YA09","YA09_BY04",50,4,45,7,1,0,1,1,0,"never",0,0.0426666666666667
"BY04","YA18","YA18_BY04",50,4,56,7,2,1,1,1,1,"never",0,0.0426666666666667
"BY04","YA12","YA12_BY04",50,4,33,5,2,1,1,1,0,"never",0,0.0426666666666667
"BY04","YA08","YA08_BY04",50,4,36,7,1,0,0,1,0,"never",0,0.0426666666666667
"BY04","YA13","YA13_BY04",50,4,55,4,2,1,1,0,0,"never",0,0.0426666666666667
"BY05","YA01","YA01_BY05",40,4,41,14,2,1,1,1,0,"often",1,0
"BY05","YA02","YA02_BY05",40,4,56,6,2,1,1,1,1,"never",0,0
"BY05","YA03","YA03_BY05",40,4,54,0,0,0,0,1,0,"never",0,0
"BY05","YA04","YA04_BY05",40,4,52,8,1,1,1,1,0,"never",0,0
"BY05","YA05","YA05_BY05",40,4,64,7,0,0,1,1,1,"sometime",1,0
"BY05","YA06","YA06_BY05",40,4,40,2,0,1,0,0,0,"never",0,0
"BY05","YA07","YA07_BY05",40,4,60,14,1,1,1,0,1,"sometime",1,0
"BY05","YA08","YA08_BY05",40,4,36,7,1,0,0,1,0,"never",0,0
"BY05","YA09","YA09_BY05",40,4,45,7,1,0,1,1,0,"never",0,0
"BY05","YA10","YA10_BY05",40,4,40,1,0,0,0,1,0,"never",0,0
"BY05","YA11","YA11_BY05",40,4,41,1,0,0,0,0,0,"never",0,0
"BY05","YA12","YA12_BY05",40,4,33,5,2,1,1,1,0,"never",0,0
"BY05","YA13","YA13_BY05",40,4,55,4,2,1,1,0,0,"never",0,0
"BY05","YA14","YA14_BY05",40,4,35,4,1,1,0,1,0,"never",0,0
"BY05","YA15","YA15_BY05",40,4,35,2,0,0,0,1,1,"never",0,0
"BY05","YA16","YA16_BY05",40,4,40,4,0,0,0,0,1,"never",0,0
"BY05","YA17","YA17_BY05",40,4,47,11,2,1,1,0,0,"never",0,0
"BY05","YA18","YA18_BY05",40,4,56,7,2,1,1,1,1,"never",0,0
"BY06","YA01","YA01_BY06",25,3,41,14,2,1,1,1,0,"never",0,0
"BY06","YA02","YA02_BY06",25,3,56,6,2,1,1,1,1,"never",0,0
"BY06","YA03","YA03_BY06",25,3,54,0,0,0,0,1,0,"never",0,0
"BY06","YA04","YA04_BY06",25,3,52,8,1,1,1,1,0,"never",0,0
"BY06","YA05","YA05_BY06",25,3,64,7,0,0,1,1,1,"never",0,0
"BY06","YA06","YA06_BY06",25,3,40,2,0,1,0,0,0,"never",0,0
"BY06","YA07","YA07_BY06",25,3,60,14,1,1,1,0,1,"never",0,0
"BY06","YA08","YA08_BY06",25,3,36,7,1,0,0,1,0,"never",0,0
"BY06","YA09","YA09_BY06",25,3,45,7,1,0,1,1,0,"never",0,0
"BY06","YA10","YA10_BY06",25,3,40,1,0,0,0,1,0,"never",0,0
"BY06","YA11","YA11_BY06",25,3,41,1,0,0,0,0,0,"never",0,0
"BY06","YA12","YA12_BY06",25,3,33,5,2,1,1,1,0,"never",0,0
"BY06","YA13","YA13_BY06",25,3,55,4,2,1,1,0,0,"never",0,0
"BY06","YA14","YA14_BY06",25,3,35,4,1,1,0,1,0,"never",0,0
"BY06","YA15","YA15_BY06",25,3,35,2,0,0,0,1,1,"never",0,0
"BY06","YA16","YA16_BY06",25,3,40,4,0,0,0,0,1,"never",0,0
"BY06","YA17","YA17_BY06",25,3,47,11,2,1,1,0,0,"never",0,0
"BY06","YA18","YA18_BY06",25,3,56,7,2,1,1,1,1,"never",0,0
"BY07","YA13","YA13_BY07",25,4,55,4,2,1,1,0,0,"never",0,0.016
"BY07","YA10","YA10_BY07",25,4,40,1,0,0,0,1,0,"never",0,0.016
"BY07","YA02","YA02_BY07",25,4,56,6,2,1,1,1,1,"never",0,0.016
"BY07","YA09","YA09_BY07",25,4,45,7,1,0,1,1,0,"never",0,0.016
"BY07","YA15","YA15_BY07",25,4,35,2,0,0,0,1,1,"never",0,0.016
"BY07","YA11","YA11_BY07",25,4,41,1,0,0,0,0,0,"never",0,0.016
"BY07","YA14","YA14_BY07",25,4,35,4,1,1,0,1,0,"never",0,0.016
"BY07","YA03","YA03_BY07",25,4,54,0,0,0,0,1,0,"never",0,0.016
"BY07","YA08","YA08_BY07",25,4,36,7,1,0,0,1,0,"never",0,0.016
"BY07","YA16","YA16_BY07",25,4,40,4,0,0,0,0,1,"never",0,0.016
"BY07","YA04","YA04_BY07",25,4,52,8,1,1,1,1,0,"never",0,0.016
"BY07","YA12","YA12_BY07",25,4,33,5,2,1,1,1,0,"never",0,0.016
"BY07","YA17","YA17_BY07",25,4,47,11,2,1,1,0,0,"never",0,0.016
"BY07","YA18","YA18_BY07",25,4,56,7,2,1,1,1,1,"never",0,0.016
"BY07","YA05","YA05_BY07",25,4,64,7,0,0,1,1,1,"never",0,0.016
"BY07","YA07","YA07_BY07",25,4,60,14,1,1,1,0,1,"often",1,0.016
"BY07","YA01","YA01_BY07",25,4,41,14,2,1,1,1,0,"never",0,0.016
"BY07","YA06","YA06_BY07",25,4,40,2,0,1,0,0,0,"never",0,0.016
"BY08","YA14","YA14_BY08",20,3,35,4,1,1,0,1,0,"never",0,0
"BY08","YA15","YA15_BY08",20,3,35,2,0,0,0,1,1,"never",0,0
"BY08","YA16","YA16_BY08",20,3,40,4,0,0,0,0,1,"never",0,0
"BY08","YA17","YA17_BY08",20,3,47,11,2,1,1,0,0,"never",0,0
"BY08","YA18","YA18_BY08",20,3,56,7,2,1,1,1,1,"never",0,0
"BY08","YA01","YA01_BY08",20,3,41,14,2,1,1,1,0,"never",0,0
"BY08","YA02","YA02_BY08",20,3,56,6,2,1,1,1,1,"never",0,0
"BY08","YA03","YA03_BY08",20,3,54,0,0,0,0,1,0,"never",0,0
"BY08","YA04","YA04_BY08",20,3,52,8,1,1,1,1,0,"never",0,0
"BY08","YA05","YA05_BY08",20,3,64,7,0,0,1,1,1,"never",0,0
"BY08","YA06","YA06_BY08",20,3,40,2,0,1,0,0,0,"never",0,0
"BY08","YA07","YA07_BY08",20,3,60,14,1,1,1,0,1,"never",0,0
"BY08","YA08","YA08_BY08",20,3,36,7,1,0,0,1,0,"never",0,0
"BY08","YA09","YA09_BY08",20,3,45,7,1,0,1,1,0,"never",0,0
"BY08","YA10","YA10_BY08",20,3,40,1,0,0,0,1,0,"never",0,0
"BY08","YA11","YA11_BY08",20,3,41,1,0,0,0,0,0,"never",0,0
"BY08","YA12","YA12_BY08",20,3,33,5,2,1,1,1,0,"never",0,0
"BY08","YA13","YA13_BY08",20,3,55,4,2,1,1,0,0,"never",0,0
"BY10","YA01","YA01_BY10",25,2,41,14,2,1,1,1,0,"never",0,0
"BY10","YA02","YA02_BY10",25,2,56,6,2,1,1,1,1,"never",0,0
"BY10","YA03","YA03_BY10",25,2,54,0,0,0,0,1,0,"never",0,0
"BY10","YA04","YA04_BY10",25,2,52,8,1,1,1,1,0,"never",0,0
"BY10","YA05","YA05_BY10",25,2,64,7,0,0,1,1,1,"never",0,0
"BY10","YA06","YA06_BY10",25,2,40,2,0,1,0,0,0,"never",0,0
"BY10","YA07","YA07_BY10",25,2,60,14,1,1,1,0,1,"never",0,0
"BY10","YA08","YA08_BY10",25,2,36,7,1,0,0,1,0,"never",0,0
"BY10","YA09","YA09_BY10",25,2,45,7,1,0,1,1,0,"never",0,0
"BY10","YA10","YA10_BY10",25,2,40,1,0,0,0,1,0,"never",0,0
"BY10","YA11","YA11_BY10",25,2,41,1,0,0,0,0,0,"never",0,0
"BY10","YA12","YA12_BY10",25,2,33,5,2,1,1,1,0,"never",0,0
"BY10","YA13","YA13_BY10",25,2,55,4,2,1,1,0,0,"never",0,0
"BY10","YA14","YA14_BY10",25,2,35,4,1,1,0,1,0,"never",0,0
"BY10","YA15","YA15_BY10",25,2,35,2,0,0,0,1,1,"never",0,0
"BY10","YA16","YA16_BY10",25,2,40,4,0,0,0,0,1,"never",0,0
"BY10","YA17","YA17_BY10",25,2,47,11,2,1,1,0,0,"never",0,0
"BY10","YA18","YA18_BY10",25,2,56,7,2,1,1,1,1,"never",0,0
"BY11","YA14","YA14_BY11",20,1,35,4,1,1,0,1,0,"never",0,0
"BY11","YA15","YA15_BY11",20,1,35,2,0,0,0,1,1,"never",0,0
"BY11","YA16","YA16_BY11",20,1,40,4,0,0,0,0,1,"never",0,0
"BY11","YA17","YA17_BY11",20,1,47,11,2,1,1,0,0,"never",0,0
"BY11","YA18","YA18_BY11",20,1,56,7,2,1,1,1,1,"never",0,0
"BY11","YA01","YA01_BY11",20,1,41,14,2,1,1,1,0,"never",0,0
"BY11","YA02","YA02_BY11",20,1,56,6,2,1,1,1,1,"never",0,0
"BY11","YA03","YA03_BY11",20,1,54,0,0,0,0,1,0,"never",0,0
"BY11","YA04","YA04_BY11",20,1,52,8,1,1,1,1,0,"never",0,0
"BY11","YA05","YA05_BY11",20,1,64,7,0,0,1,1,1,"never",0,0
"BY11","YA06","YA06_BY11",20,1,40,2,0,1,0,0,0,"never",0,0
"BY11","YA07","YA07_BY11",20,1,60,14,1,1,1,0,1,"never",0,0
"BY11","YA08","YA08_BY11",20,1,36,7,1,0,0,1,0,"never",0,0
"BY11","YA09","YA09_BY11",20,1,45,7,1,0,1,1,0,"never",0,0
"BY11","YA10","YA10_BY11",20,1,40,1,0,0,0,1,0,"never",0,0
"BY11","YA11","YA11_BY11",20,1,41,1,0,0,0,0,0,"never",0,0
"BY11","YA12","YA12_BY11",20,1,33,5,2,1,1,1,0,"never",0,0
"BY11","YA13","YA13_BY11",20,1,55,4,2,1,1,0,0,"never",0,0
"BY12","YA09","YA09_BY12",30,3,45,7,1,0,1,1,0,"never",0,0.04
"BY12","YA08","YA08_BY12",30,3,36,7,1,0,0,1,0,"never",0,0.04
"BY12","YA10","YA10_BY12",30,3,40,1,0,0,0,1,0,"never",0,0.04
"BY12","YA02","YA02_BY12",30,3,56,6,2,1,1,1,1,"never",0,0.04
"BY12","YA17","YA17_BY12",30,3,47,11,2,1,1,0,0,"never",0,0.04
"BY12","YA18","YA18_BY12",30,3,56,7,2,1,1,1,1,"never",0,0.04
"BY12","YA16","YA16_BY12",30,3,40,4,0,0,0,0,1,"never",0,0.04
"BY12","YA07","YA07_BY12",30,3,60,14,1,1,1,0,1,"never",0,0.04
"BY12","YA04","YA04_BY12",30,3,52,8,1,1,1,1,0,"never",0,0.04
"BY12","YA01","YA01_BY12",30,3,41,14,2,1,1,1,0,"never",0,0.04
"BY12","YA13","YA13_BY12",30,3,55,4,2,1,1,0,0,"never",0,0.04
"BY12","YA06","YA06_BY12",30,3,40,2,0,1,0,0,0,"never",0,0.04
"BY12","YA11","YA11_BY12",30,3,41,1,0,0,0,0,0,"never",0,0.04
"BY12","YA12","YA12_BY12",30,3,33,5,2,1,1,1,0,"never",0,0.04
"BY12","YA14","YA14_BY12",30,3,35,4,1,1,0,1,0,"never",0,0.04
"BY12","YA05","YA05_BY12",30,3,64,7,0,0,1,1,1,"never",0,0.04
"BY12","YA15","YA15_BY12",30,3,35,2,0,0,0,1,1,"never",0,0.04
"BY12","YA03","YA03_BY12",30,3,54,0,0,0,0,1,0,"never",0,0.04
"BY13","YA16","YA16_BY13",25,5,40,4,0,0,0,0,1,"never",0,0.297333333333333
"BY13","YA01","YA01_BY13",25,5,41,14,2,1,1,1,0,"often",1,0.297333333333333
"BY13","YA03","YA03_BY13",25,5,54,0,0,0,0,1,0,"never",0,0.297333333333333
"BY13","YA04","YA04_BY13",25,5,52,8,1,1,1,1,0,"sometime",1,0.297333333333333
"BY13","YA18","YA18_BY13",25,5,56,7,2,1,1,1,1,"never",0,0.297333333333333
"BY13","YA08","YA08_BY13",25,5,36,7,1,0,0,1,0,"never",0,0.297333333333333
"BY13","YA14","YA14_BY13",25,5,35,4,1,1,0,1,0,"never",0,0.297333333333333
"BY13","YA17","YA17_BY13",25,5,47,11,2,1,1,0,0,"never",0,0.297333333333333
"BY13","YA05","YA05_BY13",25,5,64,7,0,0,1,1,1,"never",0,0.297333333333333
"BY13","YA10","YA10_BY13",25,5,40,1,0,0,0,1,0,"never",0,0.297333333333333
"BY13","YA02","YA02_BY13",25,5,56,6,2,1,1,1,1,"never",0,0.297333333333333
"BY13","YA13","YA13_BY13",25,5,55,4,2,1,1,0,0,"often",1,0.297333333333333
"BY13","YA15","YA15_BY13",25,5,35,2,0,0,0,1,1,"sometime",1,0.297333333333333
"BY13","YA09","YA09_BY13",25,5,45,7,1,0,1,1,0,"sometime",1,0.297333333333333
"BY13","YA07","YA07_BY13",25,5,60,14,1,1,1,0,1,"never",0,0.297333333333333
"BY13","YA12","YA12_BY13",25,5,33,5,2,1,1,1,0,"often",1,0.297333333333333
"BY13","YA06","YA06_BY13",25,5,40,2,0,1,0,0,0,"sometime",1,0.297333333333333
"BY13","YA11","YA11_BY13",25,5,41,1,0,0,0,0,0,"sometime",1,0.297333333333333
"BY14","YA01","YA01_BY14",25,3,41,14,2,1,1,1,0,"never",0,0.008
"BY14","YA14","YA14_BY14",25,3,35,4,1,1,0,1,0,"never",0,0.008
"BY14","YA04","YA04_BY14",25,3,52,8,1,1,1,1,0,"never",0,0.008
"BY14","YA05","YA05_BY14",25,3,64,7,0,0,1,1,1,"sometime",1,0.008
"BY14","YA15","YA15_BY14",25,3,35,2,0,0,0,1,1,"often",1,0.008
"BY14","YA03","YA03_BY14",25,3,54,0,0,0,0,1,0,"never",0,0.008
"BY14","YA02","YA02_BY14",25,3,56,6,2,1,1,1,1,"never",0,0.008
"BY14","YA13","YA13_BY14",25,3,55,4,2,1,1,0,0,"never",0,0.008
"BY14","YA10","YA10_BY14",25,3,40,1,0,0,0,1,0,"never",0,0.008
"BY14","YA06","YA06_BY14",25,3,40,2,0,1,0,0,0,"never",0,0.008
"BY14","YA07","YA07_BY14",25,3,60,14,1,1,1,0,1,"never",0,0.008
"BY14","YA16","YA16_BY14",25,3,40,4,0,0,0,0,1,"never",0,0.008
"BY14","YA11","YA11_BY14",25,3,41,1,0,0,0,0,0,"sometime",1,0.008
"BY14","YA17","YA17_BY14",25,3,47,11,2,1,1,0,0,"never",0,0.008
"BY14","YA18","YA18_BY14",25,3,56,7,2,1,1,1,1,"never",0,0.008
"BY14","YA12","YA12_BY14",25,3,33,5,2,1,1,1,0,"never",0,0.008
"BY14","YA09","YA09_BY14",25,3,45,7,1,0,1,1,0,"never",0,0.008
"BY14","YA08","YA08_BY14",25,3,36,7,1,0,0,1,0,"never",0,0.008
"BY15","YA01","YA01_BY15",20,4,41,14,2,1,1,1,0,"never",0,0
"BY15","YA02","YA02_BY15",20,4,56,6,2,1,1,1,1,"never",0,0
"BY15","YA03","YA03_BY15",20,4,54,0,0,0,0,1,0,"never",0,0
"BY15","YA04","YA04_BY15",20,4,52,8,1,1,1,1,0,"never",0,0
"BY15","YA05","YA05_BY15",20,4,64,7,0,0,1,1,1,"never",0,0
"BY15","YA06","YA06_BY15",20,4,40,2,0,1,0,0,0,"sometime",1,0
"BY15","YA07","YA07_BY15",20,4,60,14,1,1,1,0,1,"often",1,0
"BY15","YA08","YA08_BY15",20,4,36,7,1,0,0,1,0,"never",0,0
"BY15","YA09","YA09_BY15",20,4,45,7,1,0,1,1,0,"never",0,0
"BY15","YA10","YA10_BY15",20,4,40,1,0,0,0,1,0,"never",0,0
"BY15","YA11","YA11_BY15",20,4,41,1,0,0,0,0,0,"never",0,0
"BY15","YA12","YA12_BY15",20,4,33,5,2,1,1,1,0,"never",0,0
"BY15","YA13","YA13_BY15",20,4,55,4,2,1,1,0,0,"never",0,0
"BY15","YA14","YA14_BY15",20,4,35,4,1,1,0,1,0,"never",0,0
"BY15","YA15","YA15_BY15",20,4,35,2,0,0,0,1,1,"never",0,0
"BY15","YA16","YA16_BY15",20,4,40,4,0,0,0,0,1,"never",0,0
"BY15","YA17","YA17_BY15",20,4,47,11,2,1,1,0,0,"never",0,0
"BY15","YA18","YA18_BY15",20,4,56,7,2,1,1,1,1,"never",0,0
"BY16","YA04","YA04_BY16",50,6,52,8,1,1,1,1,0,"sometime",1,0.096
"BY16","YA06","YA06_BY16",50,6,40,2,0,1,0,0,0,"never",0,0.096
"BY16","YA18","YA18_BY16",50,6,56,7,2,1,1,1,1,"never",0,0.096
"BY16","YA08","YA08_BY16",50,6,36,7,1,0,0,1,0,"often",1,0.096
"BY16","YA09","YA09_BY16",50,6,45,7,1,0,1,1,0,"often",1,0.096
"BY16","YA12","YA12_BY16",50,6,33,5,2,1,1,1,0,"never",0,0.096
"BY16","YA02","YA02_BY16",50,6,56,6,2,1,1,1,1,"never",0,0.096
"BY16","YA05","YA05_BY16",50,6,64,7,0,0,1,1,1,"often",1,0.096
"BY16","YA15","YA15_BY16",50,6,35,2,0,0,0,1,1,"never",0,0.096
"BY16","YA14","YA14_BY16",50,6,35,4,1,1,0,1,0,"sometime",1,0.096
"BY16","YA10","YA10_BY16",50,6,40,1,0,0,0,1,0,"never",0,0.096
"BY16","YA03","YA03_BY16",50,6,54,0,0,0,0,1,0,"never",0,0.096
"BY16","YA01","YA01_BY16",50,6,41,14,2,1,1,1,0,"sometime",1,0.096
"BY16","YA13","YA13_BY16",50,6,55,4,2,1,1,0,0,"sometime",1,0.096
"BY16","YA07","YA07_BY16",50,6,60,14,1,1,1,0,1,"never",0,0.096
"BY16","YA11","YA11_BY16",50,6,41,1,0,0,0,0,0,"never",0,0.096
"BY16","YA16","YA16_BY16",50,6,40,4,0,0,0,0,1,"never",0,0.096
"BY16","YA17","YA17_BY16",50,6,47,11,2,1,1,0,0,"never",0,0.096
"BY17","YA01","YA01_BY17",25,5,41,14,2,1,1,1,0,"never",0,0
"BY17","YA02","YA02_BY17",25,5,56,6,2,1,1,1,1,"never",0,0
"BY17","YA03","YA03_BY17",25,5,54,0,0,0,0,1,0,"never",0,0
"BY17","YA04","YA04_BY17",25,5,52,8,1,1,1,1,0,"never",0,0
"BY17","YA05","YA05_BY17",25,5,64,7,0,0,1,1,1,"never",0,0
"BY17","YA06","YA06_BY17",25,5,40,2,0,1,0,0,0,"never",0,0
"BY17","YA07","YA07_BY17",25,5,60,14,1,1,1,0,1,"never",0,0
"BY17","YA08","YA08_BY17",25,5,36,7,1,0,0,1,0,"never",0,0
"BY17","YA09","YA09_BY17",25,5,45,7,1,0,1,1,0,"never",0,0
"BY17","YA10","YA10_BY17",25,5,40,1,0,0,0,1,0,"never",0,0
"BY17","YA11","YA11_BY17",25,5,41,1,0,0,0,0,0,"never",0,0
"BY17","YA12","YA12_BY17",25,5,33,5,2,1,1,1,0,"never",0,0
"BY17","YA13","YA13_BY17",25,5,55,4,2,1,1,0,0,"never",0,0
"BY17","YA14","YA14_BY17",25,5,35,4,1,1,0,1,0,"never",0,0
"BY17","YA15","YA15_BY17",25,5,35,2,0,0,0,1,1,"never",0,0
"BY17","YA16","YA16_BY17",25,5,40,4,0,0,0,0,1,"never",0,0
"BY17","YA17","YA17_BY17",25,5,47,11,2,1,1,0,0,"never",0,0
"BY17","YA18","YA18_BY17",25,5,56,7,2,1,1,1,1,"never",0,0
"BY18","YA14","YA14_BY18",30,5,35,4,1,1,0,1,0,"never",0,0
"BY18","YA15","YA15_BY18",30,5,35,2,0,0,0,1,1,"never",0,0
"BY18","YA16","YA16_BY18",30,5,40,4,0,0,0,0,1,"never",0,0
"BY18","YA17","YA17_BY18",30,5,47,11,2,1,1,0,0,"never",0,0
"BY18","YA18","YA18_BY18",30,5,56,7,2,1,1,1,1,"never",0,0
"BY18","YA09","YA09_BY18",30,5,45,7,1,0,1,1,0,"never",0,0
"BY18","YA10","YA10_BY18",30,5,40,1,0,0,0,1,0,"sometime",1,0
"BY18","YA11","YA11_BY18",30,5,41,1,0,0,0,0,0,"never",0,0
"BY18","YA12","YA12_BY18",30,5,33,5,2,1,1,1,0,"never",0,0
"BY18","YA13","YA13_BY18",30,5,55,4,2,1,1,0,0,"never",0,0
"BY18","YA01","YA01_BY18",30,5,41,14,2,1,1,1,0,"never",0,0
"BY18","YA02","YA02_BY18",30,5,56,6,2,1,1,1,1,"never",0,0
"BY18","YA03","YA03_BY18",30,5,54,0,0,0,0,1,0,"never",0,0
"BY18","YA04","YA04_BY18",30,5,52,8,1,1,1,1,0,"never",0,0
"BY18","YA05","YA05_BY18",30,5,64,7,0,0,1,1,1,"never",0,0
"BY18","YA06","YA06_BY18",30,5,40,2,0,1,0,0,0,"never",0,0
"BY18","YA07","YA07_BY18",30,5,60,14,1,1,1,0,1,"never",0,0
"BY18","YA08","YA08_BY18",30,5,36,7,1,0,0,1,0,"never",0,0
"BY19","YA15","YA15_BY19",40,4,35,2,0,0,0,1,1,"never",0,0.656666666666667
"BY19","YA05","YA05_BY19",40,4,64,7,0,0,1,1,1,"sometime",1,0.656666666666667
"BY19","YA13","YA13_BY19",40,4,55,4,2,1,1,0,0,"sometime",1,0.656666666666667
"BY19","YA04","YA04_BY19",40,4,52,8,1,1,1,1,0,"never",0,0.656666666666667
"BY19","YA07","YA07_BY19",40,4,60,14,1,1,1,0,1,"often",1,0.656666666666667
"BY19","YA14","YA14_BY19",40,4,35,4,1,1,0,1,0,"never",0,0.656666666666667
"BY19","YA03","YA03_BY19",40,4,54,0,0,0,0,1,0,"sometime",1,0.656666666666667
"BY19","YA12","YA12_BY19",40,4,33,5,2,1,1,1,0,"often",1,0.656666666666667
"BY19","YA11","YA11_BY19",40,4,41,1,0,0,0,0,0,"sometime",1,0.656666666666667
"BY19","YA18","YA18_BY19",40,4,56,7,2,1,1,1,1,"never",0,0.656666666666667
"BY19","YA16","YA16_BY19",40,4,40,4,0,0,0,0,1,"never",0,0.656666666666667
"BY19","YA17","YA17_BY19",40,4,47,11,2,1,1,0,0,"never",0,0.656666666666667
"BY19","YA06","YA06_BY19",40,4,40,2,0,1,0,0,0,"often",1,0.656666666666667
"BY19","YA10","YA10_BY19",40,4,40,1,0,0,0,1,0,"often",1,0.656666666666667
"BY19","YA08","YA08_BY19",40,4,36,7,1,0,0,1,0,"never",0,0.656666666666667
"BY19","YA02","YA02_BY19",40,4,56,6,2,1,1,1,1,"often",1,0.656666666666667
"BY19","YA01","YA01_BY19",40,4,41,14,2,1,1,1,0,"often",1,0.656666666666667
"BY19","YA09","YA09_BY19",40,4,45,7,1,0,1,1,0,"often",1,0.656666666666667
"BY30","YA01","YA01_BY30",55,5,41,14,2,1,1,1,0,"never",0,0
"BY30","YA02","YA02_BY30",55,5,56,6,2,1,1,1,1,"never",0,0
"BY30","YA03","YA03_BY30",55,5,54,0,0,0,0,1,0,"never",0,0
"BY30","YA04","YA04_BY30",55,5,52,8,1,1,1,1,0,"never",0,0
"BY30","YA05","YA05_BY30",55,5,64,7,0,0,1,1,1,"never",0,0
"BY30","YA06","YA06_BY30",55,5,40,2,0,1,0,0,0,"never",0,0
"BY30","YA07","YA07_BY30",55,5,60,14,1,1,1,0,1,"never",0,0
"BY30","YA08","YA08_BY30",55,5,36,7,1,0,0,1,0,"never",0,0
"BY30","YA09","YA09_BY30",55,5,45,7,1,0,1,1,0,"never",0,0
"BY30","YA10","YA10_BY30",55,5,40,1,0,0,0,1,0,"never",0,0
"BY30","YA11","YA11_BY30",55,5,41,1,0,0,0,0,0,"never",0,0
"BY30","YA12","YA12_BY30",55,5,33,5,2,1,1,1,0,"never",0,0
"BY30","YA13","YA13_BY30",55,5,55,4,2,1,1,0,0,"never",0,0
"BY30","YA14","YA14_BY30",55,5,35,4,1,1,0,1,0,"never",0,0
"BY30","YA15","YA15_BY30",55,5,35,2,0,0,0,1,1,"never",0,0
"BY30","YA16","YA16_BY30",55,5,40,4,0,0,0,0,1,"never",0,0
"BY30","YA17","YA17_BY30",55,5,47,11,2,1,1,0,0,"never",0,0
"BY30","YA18","YA18_BY30",55,5,56,7,2,1,1,1,1,"never",0,0
"BY31","YA09","YA09_BY31",25,2,45,7,1,0,1,1,0,"often",1,0
"BY31","YA10","YA10_BY31",25,2,40,1,0,0,0,1,0,"never",0,0
"BY31","YA11","YA11_BY31",25,2,41,1,0,0,0,0,0,"never",0,0
"BY31","YA12","YA12_BY31",25,2,33,5,2,1,1,1,0,"often",1,0
"BY31","YA13","YA13_BY31",25,2,55,4,2,1,1,0,0,"never",0,0
"BY31","YA01","YA01_BY31",25,2,41,14,2,1,1,1,0,"never",0,0
"BY31","YA02","YA02_BY31",25,2,56,6,2,1,1,1,1,"never",0,0
"BY31","YA03","YA03_BY31",25,2,54,0,0,0,0,1,0,"never",0,0
"BY31","YA04","YA04_BY31",25,2,52,8,1,1,1,1,0,"never",0,0
"BY31","YA05","YA05_BY31",25,2,64,7,0,0,1,1,1,"never",0,0
"BY31","YA06","YA06_BY31",25,2,40,2,0,1,0,0,0,"sometime",1,0
"BY31","YA07","YA07_BY31",25,2,60,14,1,1,1,0,1,"never",0,0
"BY31","YA08","YA08_BY31",25,2,36,7,1,0,0,1,0,"never",0,0
"BY31","YA14","YA14_BY31",25,2,35,4,1,1,0,1,0,"sometime",1,0
"BY31","YA15","YA15_BY31",25,2,35,2,0,0,0,1,1,"never",0,0
"BY31","YA16","YA16_BY31",25,2,40,4,0,0,0,0,1,"never",0,0
"BY31","YA17","YA17_BY31",25,2,47,11,2,1,1,0,0,"never",0,0
"BY31","YA18","YA18_BY31",25,2,56,7,2,1,1,1,1,"never",0,0
"BY32","YA01","YA01_BY32",20,0,41,14,2,1,1,1,0,"never",0,0
"BY32","YA02","YA02_BY32",20,0,56,6,2,1,1,1,1,"never",0,0
"BY32","YA03","YA03_BY32",20,0,54,0,0,0,0,1,0,"never",0,0
"BY32","YA04","YA04_BY32",20,0,52,8,1,1,1,1,0,"never",0,0
"BY32","YA05","YA05_BY32",20,0,64,7,0,0,1,1,1,"never",0,0
"BY32","YA06","YA06_BY32",20,0,40,2,0,1,0,0,0,"never",0,0
"BY32","YA07","YA07_BY32",20,0,60,14,1,1,1,0,1,"never",0,0
"BY32","YA08","YA08_BY32",20,0,36,7,1,0,0,1,0,"never",0,0
"BY32","YA14","YA14_BY32",20,0,35,4,1,1,0,1,0,"never",0,0
"BY32","YA15","YA15_BY32",20,0,35,2,0,0,0,1,1,"never",0,0
"BY32","YA16","YA16_BY32",20,0,40,4,0,0,0,0,1,"never",0,0
"BY32","YA17","YA17_BY32",20,0,47,11,2,1,1,0,0,"never",0,0
"BY32","YA18","YA18_BY32",20,0,56,7,2,1,1,1,1,"never",0,0
"BY32","YA09","YA09_BY32",20,0,45,7,1,0,1,1,0,"never",0,0
"BY32","YA10","YA10_BY32",20,0,40,1,0,0,0,1,0,"never",0,0
"BY32","YA11","YA11_BY32",20,0,41,1,0,0,0,0,0,"never",0,0
"BY32","YA12","YA12_BY32",20,0,33,5,2,1,1,1,0,"never",0,0
"BY32","YA13","YA13_BY32",20,0,55,4,2,1,1,0,0,"never",0,0
"BY38","YA04","YA04_BY38",25,1,52,8,1,1,1,1,0,"never",0,0
"BY38","YA05","YA05_BY38",25,1,64,7,0,0,1,1,1,"never",0,0
"BY38","YA06","YA06_BY38",25,1,40,2,0,1,0,0,0,"never",0,0
"BY38","YA07","YA07_BY38",25,1,60,14,1,1,1,0,1,"never",0,0
"BY38","YA08","YA08_BY38",25,1,36,7,1,0,0,1,0,"never",0,0
"BY38","YA09","YA09_BY38",25,1,45,7,1,0,1,1,0,"never",0,0
"BY38","YA10","YA10_BY38",25,1,40,1,0,0,0,1,0,"never",0,0
"BY38","YA11","YA11_BY38",25,1,41,1,0,0,0,0,0,"never",0,0
"BY38","YA12","YA12_BY38",25,1,33,5,2,1,1,1,0,"never",0,0
"BY38","YA13","YA13_BY38",25,1,55,4,2,1,1,0,0,"never",0,0
"BY38","YA01","YA01_BY38",25,1,41,14,2,1,1,1,0,"never",0,0
"BY38","YA02","YA02_BY38",25,1,56,6,2,1,1,1,1,"never",0,0
"BY38","YA03","YA03_BY38",25,1,54,0,0,0,0,1,0,"never",0,0
"BY38","YA14","YA14_BY38",25,1,35,4,1,1,0,1,0,"never",0,0
"BY38","YA15","YA15_BY38",25,1,35,2,0,0,0,1,1,"never",0,0
"BY38","YA16","YA16_BY38",25,1,40,4,0,0,0,0,1,"never",0,0
"BY38","YA17","YA17_BY38",25,1,47,11,2,1,1,0,0,"never",0,0
"BY38","YA18","YA18_BY38",25,1,56,7,2,1,1,1,1,"never",0,0
"BY39","YA01","YA01_BY39",25,2,41,14,2,1,1,1,0,"never",0,0
"BY39","YA02","YA02_BY39",25,2,56,6,2,1,1,1,1,"often",1,0
"BY39","YA03","YA03_BY39",25,2,54,0,0,0,0,1,0,"never",0,0
"BY39","YA05","YA05_BY39",25,2,64,7,0,0,1,1,1,"never",0,0
"BY39","YA06","YA06_BY39",25,2,40,2,0,1,0,0,0,"sometime",1,0
"BY39","YA07","YA07_BY39",25,2,60,14,1,1,1,0,1,"never",0,0
"BY39","YA08","YA08_BY39",25,2,36,7,1,0,0,1,0,"never",0,0
"BY39","YA18","YA18_BY39",25,2,56,7,2,1,1,1,1,"never",0,0
"BY39","YA09","YA09_BY39",25,2,45,7,1,0,1,1,0,"never",0,0
"BY39","YA13","YA13_BY39",25,2,55,4,2,1,1,0,0,"never",0,0
"BY39","YA14","YA14_BY39",25,2,35,4,1,1,0,1,0,"never",0,0
"BY39","YA04","YA04_BY39",25,2,52,8,1,1,1,1,0,"never",0,0
"BY39","YA10","YA10_BY39",25,2,40,1,0,0,0,1,0,"never",0,0
"BY39","YA11","YA11_BY39",25,2,41,1,0,0,0,0,0,"never",0,0
"BY39","YA12","YA12_BY39",25,2,33,5,2,1,1,1,0,"often",1,0
"BY39","YA15","YA15_BY39",25,2,35,2,0,0,0,1,1,"never",0,0
"BY39","YA16","YA16_BY39",25,2,40,4,0,0,0,0,1,"never",0,0
"BY39","YA17","YA17_BY39",25,2,47,11,2,1,1,0,0,"never",0,0
"BY40","YA04","YA04_BY40",35,5,52,8,1,1,1,1,0,"never",0,0.0233333333333333
"BY40","YA05","YA05_BY40",35,5,64,7,0,0,1,1,1,"never",0,0.0233333333333333
"BY40","YA17","YA17_BY40",35,5,47,11,2,1,1,0,0,"never",0,0.0233333333333333
"BY40","YA14","YA14_BY40",35,5,35,4,1,1,0,1,0,"never",0,0.0233333333333333
"BY40","YA15","YA15_BY40",35,5,35,2,0,0,0,1,1,"never",0,0.0233333333333333
"BY40","YA16","YA16_BY40",35,5,40,4,0,0,0,0,1,"never",0,0.0233333333333333
"BY40","YA03","YA03_BY40",35,5,54,0,0,0,0,1,0,"never",0,0.0233333333333333
"BY40","YA10","YA10_BY40",35,5,40,1,0,0,0,1,0,"never",0,0.0233333333333333
"BY40","YA07","YA07_BY40",35,5,60,14,1,1,1,0,1,"never",0,0.0233333333333333
"BY40","YA08","YA08_BY40",35,5,36,7,1,0,0,1,0,"never",0,0.0233333333333333
"BY40","YA06","YA06_BY40",35,5,40,2,0,1,0,0,0,"never",0,0.0233333333333333
"BY40","YA13","YA13_BY40",35,5,55,4,2,1,1,0,0,"never",0,0.0233333333333333
"BY40","YA02","YA02_BY40",35,5,56,6,2,1,1,1,1,"never",0,0.0233333333333333
"BY40","YA12","YA12_BY40",35,5,33,5,2,1,1,1,0,"often",1,0.0233333333333333
"BY40","YA18","YA18_BY40",35,5,56,7,2,1,1,1,1,"never",0,0.0233333333333333
"BY40","YA09","YA09_BY40",35,5,45,7,1,0,1,1,0,"never",0,0.0233333333333333
"BY40","YA01","YA01_BY40",35,5,41,14,2,1,1,1,0,"never",0,0.0233333333333333
"BY40","YA11","YA11_BY40",35,5,41,1,0,0,0,0,0,"never",0,0.0233333333333333
"BY41","YA01","YA01_BY41",20,0,41,14,2,1,1,1,0,"never",0,0
"BY41","YA02","YA02_BY41",20,0,56,6,2,1,1,1,1,"never",0,0
"BY41","YA03","YA03_BY41",20,0,54,0,0,0,0,1,0,"never",0,0
"BY41","YA04","YA04_BY41",20,0,52,8,1,1,1,1,0,"never",0,0
"BY41","YA05","YA05_BY41",20,0,64,7,0,0,1,1,1,"never",0,0
"BY41","YA06","YA06_BY41",20,0,40,2,0,1,0,0,0,"never",0,0
"BY41","YA07","YA07_BY41",20,0,60,14,1,1,1,0,1,"never",0,0
"BY41","YA08","YA08_BY41",20,0,36,7,1,0,0,1,0,"never",0,0
"BY41","YA09","YA09_BY41",20,0,45,7,1,0,1,1,0,"never",0,0
"BY41","YA10","YA10_BY41",20,0,40,1,0,0,0,1,0,"never",0,0
"BY41","YA11","YA11_BY41",20,0,41,1,0,0,0,0,0,"never",0,0
"BY41","YA12","YA12_BY41",20,0,33,5,2,1,1,1,0,"never",0,0
"BY41","YA13","YA13_BY41",20,0,55,4,2,1,1,0,0,"never",0,0
"BY41","YA14","YA14_BY41",20,0,35,4,1,1,0,1,0,"never",0,0
"BY41","YA15","YA15_BY41",20,0,35,2,0,0,0,1,1,"never",0,0
"BY41","YA16","YA16_BY41",20,0,40,4,0,0,0,0,1,"never",0,0
"BY41","YA17","YA17_BY41",20,0,47,11,2,1,1,0,0,"never",0,0
"BY41","YA18","YA18_BY41",20,0,56,7,2,1,1,1,1,"never",0,0
"BY42","YA01","YA01_BY42",25,2,41,14,2,1,1,1,0,"one time",0,0
"BY42","YA02","YA02_BY42",25,2,56,6,2,1,1,1,1,"never",0,0
"BY42","YA03","YA03_BY42",25,2,54,0,0,0,0,1,0,"never",0,0
"BY42","YA04","YA04_BY42",25,2,52,8,1,1,1,1,0,"never",0,0
"BY42","YA05","YA05_BY42",25,2,64,7,0,0,1,1,1,"never",0,0
"BY42","YA06","YA06_BY42",25,2,40,2,0,1,0,0,0,"never",0,0
"BY42","YA07","YA07_BY42",25,2,60,14,1,1,1,0,1,"never",0,0
"BY42","YA08","YA08_BY42",25,2,36,7,1,0,0,1,0,"never",0,0
"BY42","YA09","YA09_BY42",25,2,45,7,1,0,1,1,0,"never",0,0
"BY42","YA10","YA10_BY42",25,2,40,1,0,0,0,1,0,"never",0,0
"BY42","YA11","YA11_BY42",25,2,41,1,0,0,0,0,0,"never",0,0
"BY42","YA12","YA12_BY42",25,2,33,5,2,1,1,1,0,"never",0,0
"BY42","YA13","YA13_BY42",25,2,55,4,2,1,1,0,0,"never",0,0
"BY42","YA14","YA14_BY42",25,2,35,4,1,1,0,1,0,"never",0,0
"BY42","YA15","YA15_BY42",25,2,35,2,0,0,0,1,1,"never",0,0
"BY42","YA16","YA16_BY42",25,2,40,4,0,0,0,0,1,"never",0,0
"BY42","YA17","YA17_BY42",25,2,47,11,2,1,1,0,0,"never",0,0
"BY42","YA18","YA18_BY42",25,2,56,7,2,1,1,1,1,"never",0,0
"BY43","YA04","YA04_BY43",35,2,52,8,1,1,1,1,0,"never",0,0.0133333333333333
"BY43","YA05","YA05_BY43",35,2,64,7,0,0,1,1,1,"never",0,0.0133333333333333
"BY43","YA17","YA17_BY43",35,2,47,11,2,1,1,0,0,"never",0,0.0133333333333333
"BY43","YA02","YA02_BY43",35,2,56,6,2,1,1,1,1,"never",0,0.0133333333333333
"BY43","YA03","YA03_BY43",35,2,54,0,0,0,0,1,0,"never",0,0.0133333333333333
"BY43","YA16","YA16_BY43",35,2,40,4,0,0,0,0,1,"never",0,0.0133333333333333
"BY43","YA06","YA06_BY43",35,2,40,2,0,1,0,0,0,"never",0,0.0133333333333333
"BY43","YA18","YA18_BY43",35,2,56,7,2,1,1,1,1,"never",0,0.0133333333333333
"BY43","YA12","YA12_BY43",35,2,33,5,2,1,1,1,0,"never",0,0.0133333333333333
"BY43","YA13","YA13_BY43",35,2,55,4,2,1,1,0,0,"never",0,0.0133333333333333
"BY43","YA14","YA14_BY43",35,2,35,4,1,1,0,1,0,"never",0,0.0133333333333333
"BY43","YA07","YA07_BY43",35,2,60,14,1,1,1,0,1,"never",0,0.0133333333333333
"BY43","YA01","YA01_BY43",35,2,41,14,2,1,1,1,0,"never",0,0.0133333333333333
"BY43","YA08","YA08_BY43",35,2,36,7,1,0,0,1,0,"never",0,0.0133333333333333
"BY43","YA09","YA09_BY43",35,2,45,7,1,0,1,1,0,"never",0,0.0133333333333333
"BY43","YA15","YA15_BY43",35,2,35,2,0,0,0,1,1,"never",0,0.0133333333333333
"BY43","YA10","YA10_BY43",35,2,40,1,0,0,0,1,0,"never",0,0.0133333333333333
"BY43","YA11","YA11_BY43",35,2,41,1,0,0,0,0,0,"never",0,0.0133333333333333
"BY44","YA17","YA17_BY44",40,8,47,11,2,1,1,0,0,"never",0,0.226666666666667
"BY44","YA18","YA18_BY44",40,8,56,7,2,1,1,1,1,"never",0,0.226666666666667
"BY44","YA15","YA15_BY44",40,8,35,2,0,0,0,1,1,"never",0,0.226666666666667
"BY44","YA16","YA16_BY44",40,8,40,4,0,0,0,0,1,"never",0,0.226666666666667
"BY44","YA12","YA12_BY44",40,8,33,5,2,1,1,1,0,"never",0,0.226666666666667
"BY44","YA13","YA13_BY44",40,8,55,4,2,1,1,0,0,"often",1,0.226666666666667
"BY44","YA05","YA05_BY44",40,8,64,7,0,0,1,1,1,"often",1,0.226666666666667
"BY44","YA11","YA11_BY44",40,8,41,1,0,0,0,0,0,"often",1,0.226666666666667
"BY44","YA01","YA01_BY44",40,8,41,14,2,1,1,1,0,"often",1,0.226666666666667
"BY44","YA02","YA02_BY44",40,8,56,6,2,1,1,1,1,"never",0,0.226666666666667
"BY44","YA14","YA14_BY44",40,8,35,4,1,1,0,1,0,"never",0,0.226666666666667
"BY44","YA03","YA03_BY44",40,8,54,0,0,0,0,1,0,"never",0,0.226666666666667
"BY44","YA06","YA06_BY44",40,8,40,2,0,1,0,0,0,"often",1,0.226666666666667
"BY44","YA07","YA07_BY44",40,8,60,14,1,1,1,0,1,"never",0,0.226666666666667
"BY44","YA04","YA04_BY44",40,8,52,8,1,1,1,1,0,"sometime",1,0.226666666666667
"BY44","YA08","YA08_BY44",40,8,36,7,1,0,0,1,0,"often",1,0.226666666666667
"BY44","YA10","YA10_BY44",40,8,40,1,0,0,0,1,0,"never",0,0.226666666666667
"BY44","YA09","YA09_BY44",40,8,45,7,1,0,1,1,0,"never",0,0.226666666666667
"BY45","YA07","YA07_BY45",40,2,60,14,1,1,1,0,1,"never",0,0.088
"BY45","YA08","YA08_BY45",40,2,36,7,1,0,0,1,0,"never",0,0.088
"BY45","YA10","YA10_BY45",40,2,40,1,0,0,0,1,0,"never",0,0.088
"BY45","YA12","YA12_BY45",40,2,33,5,2,1,1,1,0,"never",0,0.088
"BY45","YA02","YA02_BY45",40,2,56,6,2,1,1,1,1,"often",1,0.088
"BY45","YA01","YA01_BY45",40,2,41,14,2,1,1,1,0,"never",0,0.088
"BY45","YA11","YA11_BY45",40,2,41,1,0,0,0,0,0,"often",1,0.088
"BY45","YA06","YA06_BY45",40,2,40,2,0,1,0,0,0,"sometime",1,0.088
"BY45","YA05","YA05_BY45",40,2,64,7,0,0,1,1,1,"sometime",1,0.088
"BY45","YA09","YA09_BY45",40,2,45,7,1,0,1,1,0,"never",0,0.088
"BY45","YA14","YA14_BY45",40,2,35,4,1,1,0,1,0,"never",0,0.088
"BY45","YA03","YA03_BY45",40,2,54,0,0,0,0,1,0,"never",0,0.088
"BY45","YA04","YA04_BY45",40,2,52,8,1,1,1,1,0,"often",1,0.088
"BY45","YA18","YA18_BY45",40,2,56,7,2,1,1,1,1,"never",0,0.088
"BY45","YA15","YA15_BY45",40,2,35,2,0,0,0,1,1,"often",1,0.088
"BY45","YA13","YA13_BY45",40,2,55,4,2,1,1,0,0,"often",1,0.088
"BY45","YA17","YA17_BY45",40,2,47,11,2,1,1,0,0,"never",0,0.088
"BY45","YA16","YA16_BY45",40,2,40,4,0,0,0,0,1,"never",0,0.088
"BY46","YA18","YA18_BY46",45,9,56,7,2,1,1,1,1,"never",0,0.278
"BY46","YA04","YA04_BY46",45,9,52,8,1,1,1,1,0,"often",1,0.278
"BY46","YA17","YA17_BY46",45,9,47,11,2,1,1,0,0,"never",0,0.278
"BY46","YA03","YA03_BY46",45,9,54,0,0,0,0,1,0,"never",0,0.278
"BY46","YA05","YA05_BY46",45,9,64,7,0,0,1,1,1,"sometime",1,0.278
"BY46","YA06","YA06_BY46",45,9,40,2,0,1,0,0,0,"sometime",1,0.278
"BY46","YA08","YA08_BY46",45,9,36,7,1,0,0,1,0,"never",0,0.278
"BY46","YA09","YA09_BY46",45,9,45,7,1,0,1,1,0,"sometime",1,0.278
"BY46","YA16","YA16_BY46",45,9,40,4,0,0,0,0,1,"never",0,0.278
"BY46","YA01","YA01_BY46",45,9,41,14,2,1,1,1,0,"never",0,0.278
"BY46","YA02","YA02_BY46",45,9,56,6,2,1,1,1,1,"often",1,0.278
"BY46","YA12","YA12_BY46",45,9,33,5,2,1,1,1,0,"never",0,0.278
"BY46","YA10","YA10_BY46",45,9,40,1,0,0,0,1,0,"sometime",1,0.278
"BY46","YA11","YA11_BY46",45,9,41,1,0,0,0,0,0,"never",0,0.278
"BY46","YA07","YA07_BY46",45,9,60,14,1,1,1,0,1,"never",0,0.278
"BY46","YA15","YA15_BY46",45,9,35,2,0,0,0,1,1,"often",1,0.278
"BY46","YA14","YA14_BY46",45,9,35,4,1,1,0,1,0,"never",0,0.278
"BY46","YA13","YA13_BY46",45,9,55,4,2,1,1,0,0,"often",1,0.278
"BY47","YA09","YA09_BY47",45,7,45,7,1,0,1,1,0,"never",0,0
"BY47","YA10","YA10_BY47",45,7,40,1,0,0,0,1,0,"never",0,0
"BY47","YA11","YA11_BY47",45,7,41,1,0,0,0,0,0,"never",0,0
"BY47","YA12","YA12_BY47",45,7,33,5,2,1,1,1,0,"never",0,0
"BY47","YA13","YA13_BY47",45,7,55,4,2,1,1,0,0,"never",0,0
"BY47","YA04","YA04_BY47",45,7,52,8,1,1,1,1,0,"never",0,0
"BY47","YA05","YA05_BY47",45,7,64,7,0,0,1,1,1,"never",0,0
"BY47","YA06","YA06_BY47",45,7,40,2,0,1,0,0,0,"sometime",1,0
"BY47","YA07","YA07_BY47",45,7,60,14,1,1,1,0,1,"never",0,0
"BY47","YA08","YA08_BY47",45,7,36,7,1,0,0,1,0,"never",0,0
"BY47","YA14","YA14_BY47",45,7,35,4,1,1,0,1,0,"never",0,0
"BY47","YA15","YA15_BY47",45,7,35,2,0,0,0,1,1,"never",0,0
"BY47","YA16","YA16_BY47",45,7,40,4,0,0,0,0,1,"never",0,0
"BY47","YA01","YA01_BY47",45,7,41,14,2,1,1,1,0,"never",0,0
"BY47","YA02","YA02_BY47",45,7,56,6,2,1,1,1,1,"never",0,0
"BY47","YA03","YA03_BY47",45,7,54,0,0,0,0,1,0,"sometime",1,0
"BY47","YA17","YA17_BY47",45,7,47,11,2,1,1,0,0,"never",0,0
"BY47","YA18","YA18_BY47",45,7,56,7,2,1,1,1,1,"never",0,0
"BY48","YA01","YA01_BY48",20,0,41,14,2,1,1,1,0,"never",0,0
"BY48","YA02","YA02_BY48",20,0,56,6,2,1,1,1,1,"never",0,0
"BY48","YA03","YA03_BY48",20,0,54,0,0,0,0,1,0,"never",0,0
"BY48","YA04","YA04_BY48",20,0,52,8,1,1,1,1,0,"never",0,0
"BY48","YA05","YA05_BY48",20,0,64,7,0,0,1,1,1,"never",0,0
"BY48","YA06","YA06_BY48",20,0,40,2,0,1,0,0,0,"never",0,0
"BY48","YA07","YA07_BY48",20,0,60,14,1,1,1,0,1,"never",0,0
"BY48","YA08","YA08_BY48",20,0,36,7,1,0,0,1,0,"never",0,0
"BY48","YA17","YA17_BY48",20,0,47,11,2,1,1,0,0,"never",0,0
"BY48","YA18","YA18_BY48",20,0,56,7,2,1,1,1,1,"never",0,0
"BY48","YA11","YA11_BY48",20,0,41,1,0,0,0,0,0,"never",0,0
"BY48","YA12","YA12_BY48",20,0,33,5,2,1,1,1,0,"never",0,0
"BY48","YA16","YA16_BY48",20,0,40,4,0,0,0,0,1,"never",0,0
"BY48","YA09","YA09_BY48",20,0,45,7,1,0,1,1,0,"never",0,0
"BY48","YA13","YA13_BY48",20,0,55,4,2,1,1,0,0,"never",0,0
"BY48","YA14","YA14_BY48",20,0,35,4,1,1,0,1,0,"never",0,0
"BY48","YA10","YA10_BY48",20,0,40,1,0,0,0,1,0,"never",0,0
"BY48","YA15","YA15_BY48",20,0,35,2,0,0,0,1,1,"never",0,0
"BY49","YA07","YA07_BY49",40,5,60,14,1,1,1,0,1,"often",1,0.36
"BY49","YA06","YA06_BY49",40,5,40,2,0,1,0,0,0,"never",0,0.36
"BY49","YA04","YA04_BY49",40,5,52,8,1,1,1,1,0,"never",0,0.36
"BY49","YA08","YA08_BY49",40,5,36,7,1,0,0,1,0,"never",0,0.36
"BY49","YA02","YA02_BY49",40,5,56,6,2,1,1,1,1,"never",0,0.36
"BY49","YA10","YA10_BY49",40,5,40,1,0,0,0,1,0,"sometime",1,0.36
"BY49","YA05","YA05_BY49",40,5,64,7,0,0,1,1,1,"often",1,0.36
"BY49","YA01","YA01_BY49",40,5,41,14,2,1,1,1,0,"sometime",1,0.36
"BY49","YA14","YA14_BY49",40,5,35,4,1,1,0,1,0,"never",0,0.36
"BY49","YA03","YA03_BY49",40,5,54,0,0,0,0,1,0,"never",0,0.36
"BY49","YA17","YA17_BY49",40,5,47,11,2,1,1,0,0,"never",0,0.36
"BY49","YA18","YA18_BY49",40,5,56,7,2,1,1,1,1,"never",0,0.36
"BY49","YA12","YA12_BY49",40,5,33,5,2,1,1,1,0,"sometime",1,0.36
"BY49","YA09","YA09_BY49",40,5,45,7,1,0,1,1,0,"never",0,0.36
"BY49","YA16","YA16_BY49",40,5,40,4,0,0,0,0,1,"never",0,0.36
"BY49","YA11","YA11_BY49",40,5,41,1,0,0,0,0,0,"never",0,0.36
"BY49","YA15","YA15_BY49",40,5,35,2,0,0,0,1,1,"often",1,0.36
"BY49","YA13","YA13_BY49",40,5,55,4,2,1,1,0,0,"sometime",1,0.36
"BY50","YA01","YA01_BY50",30,6,41,14,2,1,1,1,0,"often",1,0
"BY50","YA02","YA02_BY50",30,6,56,6,2,1,1,1,1,"never",0,0
"BY50","YA03","YA03_BY50",30,6,54,0,0,0,0,1,0,"never",0,0
"BY50","YA10","YA10_BY50",30,6,40,1,0,0,0,1,0,"never",0,0
"BY50","YA11","YA11_BY50",30,6,41,1,0,0,0,0,0,"never",0,0
"BY50","YA12","YA12_BY50",30,6,33,5,2,1,1,1,0,"never",0,0
"BY50","YA13","YA13_BY50",30,6,55,4,2,1,1,0,0,"sometime",1,0
"BY50","YA04","YA04_BY50",30,6,52,8,1,1,1,1,0,"never",0,0
"BY50","YA05","YA05_BY50",30,6,64,7,0,0,1,1,1,"never",0,0
"BY50","YA06","YA06_BY50",30,6,40,2,0,1,0,0,0,"never",0,0
"BY50","YA07","YA07_BY50",30,6,60,14,1,1,1,0,1,"never",0,0
"BY50","YA08","YA08_BY50",30,6,36,7,1,0,0,1,0,"never",0,0
"BY50","YA09","YA09_BY50",30,6,45,7,1,0,1,1,0,"never",0,0
"BY50","YA14","YA14_BY50",30,6,35,4,1,1,0,1,0,"often",1,0
"BY50","YA15","YA15_BY50",30,6,35,2,0,0,0,1,1,"never",0,0
"BY50","YA16","YA16_BY50",30,6,40,4,0,0,0,0,1,"never",0,0
"BY50","YA17","YA17_BY50",30,6,47,11,2,1,1,0,0,"never",0,0
"BY50","YA18","YA18_BY50",30,6,56,7,2,1,1,1,1,"never",0,0
"BY51","YA12","YA12_BY51",50,2,33,5,2,1,1,1,0,"never",0,0
"BY51","YA13","YA13_BY51",50,2,55,4,2,1,1,0,0,"never",0,0
"BY51","YA14","YA14_BY51",50,2,35,4,1,1,0,1,0,"never",0,0
"BY51","YA15","YA15_BY51",50,2,35,2,0,0,0,1,1,"never",0,0
"BY51","YA16","YA16_BY51",50,2,40,4,0,0,0,0,1,"never",0,0
"BY51","YA17","YA17_BY51",50,2,47,11,2,1,1,0,0,"never",0,0
"BY51","YA18","YA18_BY51",50,2,56,7,2,1,1,1,1,"never",0,0
"BY51","YA05","YA05_BY51",50,2,64,7,0,0,1,1,1,"never",0,0
"BY51","YA06","YA06_BY51",50,2,40,2,0,1,0,0,0,"never",0,0
"BY51","YA07","YA07_BY51",50,2,60,14,1,1,1,0,1,"never",0,0
"BY51","YA08","YA08_BY51",50,2,36,7,1,0,0,1,0,"never",0,0
"BY51","YA04","YA04_BY51",50,2,52,8,1,1,1,1,0,"sometime",1,0
"BY51","YA09","YA09_BY51",50,2,45,7,1,0,1,1,0,"never",0,0
"BY51","YA10","YA10_BY51",50,2,40,1,0,0,0,1,0,"never",0,0
"BY51","YA11","YA11_BY51",50,2,41,1,0,0,0,0,0,"never",0,0
"BY51","YA02","YA02_BY51",50,2,56,6,2,1,1,1,1,"never",0,0
"BY51","YA03","YA03_BY51",50,2,54,0,0,0,0,1,0,"never",0,0
"BY51","YA01","YA01_BY51",50,2,41,14,2,1,1,1,0,"never",0,0
"BY52","YA05","YA05_BY52",30,5,64,7,0,0,1,1,1,"never",0,0.0466666666666667
"BY52","YA18","YA18_BY52",30,5,56,7,2,1,1,1,1,"never",0,0.0466666666666667
"BY52","YA06","YA06_BY52",30,5,40,2,0,1,0,0,0,"never",0,0.0466666666666667
"BY52","YA07","YA07_BY52",30,5,60,14,1,1,1,0,1,"never",0,0.0466666666666667
"BY52","YA08","YA08_BY52",30,5,36,7,1,0,0,1,0,"never",0,0.0466666666666667
"BY52","YA03","YA03_BY52",30,5,54,0,0,0,0,1,0,"never",0,0.0466666666666667
"BY52","YA04","YA04_BY52",30,5,52,8,1,1,1,1,0,"sometime",1,0.0466666666666667
"BY52","YA17","YA17_BY52",30,5,47,11,2,1,1,0,0,"never",0,0.0466666666666667
"BY52","YA01","YA01_BY52",30,5,41,14,2,1,1,1,0,"sometime",1,0.0466666666666667
"BY52","YA02","YA02_BY52",30,5,56,6,2,1,1,1,1,"never",0,0.0466666666666667
"BY52","YA15","YA15_BY52",30,5,35,2,0,0,0,1,1,"sometime",1,0.0466666666666667
"BY52","YA16","YA16_BY52",30,5,40,4,0,0,0,0,1,"never",0,0.0466666666666667
"BY52","YA11","YA11_BY52",30,5,41,1,0,0,0,0,0,"never",0,0.0466666666666667
"BY52","YA12","YA12_BY52",30,5,33,5,2,1,1,1,0,"never",0,0.0466666666666667
"BY52","YA09","YA09_BY52",30,5,45,7,1,0,1,1,0,"sometime",1,0.0466666666666667
"BY52","YA10","YA10_BY52",30,5,40,1,0,0,0,1,0,"never",0,0.0466666666666667
"BY52","YA13","YA13_BY52",30,5,55,4,2,1,1,0,0,"never",0,0.0466666666666667
"BY52","YA14","YA14_BY52",30,5,35,4,1,1,0,1,0,"never",0,0.0466666666666667
"BY53","YA16","YA16_BY53",45,4,40,4,0,0,0,0,1,"never",0,0.0453333333333333
"BY53","YA02","YA02_BY53",45,4,56,6,2,1,1,1,1,"never",0,0.0453333333333333
"BY53","YA14","YA14_BY53",45,4,35,4,1,1,0,1,0,"never",0,0.0453333333333333
"BY53","YA15","YA15_BY53",45,4,35,2,0,0,0,1,1,"never",0,0.0453333333333333
"BY53","YA17","YA17_BY53",45,4,47,11,2,1,1,0,0,"never",0,0.0453333333333333
"BY53","YA18","YA18_BY53",45,4,56,7,2,1,1,1,1,"never",0,0.0453333333333333
"BY53","YA04","YA04_BY53",45,4,52,8,1,1,1,1,0,"never",0,0.0453333333333333
"BY53","YA05","YA05_BY53",45,4,64,7,0,0,1,1,1,"never",0,0.0453333333333333
"BY53","YA01","YA01_BY53",45,4,41,14,2,1,1,1,0,"never",0,0.0453333333333333
"BY53","YA03","YA03_BY53",45,4,54,0,0,0,0,1,0,"never",0,0.0453333333333333
"BY53","YA12","YA12_BY53",45,4,33,5,2,1,1,1,0,"never",0,0.0453333333333333
"BY53","YA13","YA13_BY53",45,4,55,4,2,1,1,0,0,"never",0,0.0453333333333333
"BY53","YA09","YA09_BY53",45,4,45,7,1,0,1,1,0,"never",0,0.0453333333333333
"BY53","YA06","YA06_BY53",45,4,40,2,0,1,0,0,0,"never",0,0.0453333333333333
"BY53","YA07","YA07_BY53",45,4,60,14,1,1,1,0,1,"never",0,0.0453333333333333
"BY53","YA08","YA08_BY53",45,4,36,7,1,0,0,1,0,"never",0,0.0453333333333333
"BY53","YA10","YA10_BY53",45,4,40,1,0,0,0,1,0,"often",1,0.0453333333333333
"BY53","YA11","YA11_BY53",45,4,41,1,0,0,0,0,0,"never",0,0.0453333333333333
"BY54","YA04","YA04_BY54",40,4,52,8,1,1,1,1,0,"never",0,0
"BY54","YA05","YA05_BY54",40,4,64,7,0,0,1,1,1,"never",0,0
"BY54","YA06","YA06_BY54",40,4,40,2,0,1,0,0,0,"never",0,0
"BY54","YA07","YA07_BY54",40,4,60,14,1,1,1,0,1,"never",0,0
"BY54","YA08","YA08_BY54",40,4,36,7,1,0,0,1,0,"never",0,0
"BY54","YA01","YA01_BY54",40,4,41,14,2,1,1,1,0,"never",0,0
"BY54","YA02","YA02_BY54",40,4,56,6,2,1,1,1,1,"never",0,0
"BY54","YA03","YA03_BY54",40,4,54,0,0,0,0,1,0,"never",0,0
"BY54","YA09","YA09_BY54",40,4,45,7,1,0,1,1,0,"never",0,0
"BY54","YA10","YA10_BY54",40,4,40,1,0,0,0,1,0,"often",1,0
"BY54","YA11","YA11_BY54",40,4,41,1,0,0,0,0,0,"never",0,0
"BY54","YA17","YA17_BY54",40,4,47,11,2,1,1,0,0,"never",0,0
"BY54","YA18","YA18_BY54",40,4,56,7,2,1,1,1,1,"never",0,0
"BY54","YA12","YA12_BY54",40,4,33,5,2,1,1,1,0,"never",0,0
"BY54","YA16","YA16_BY54",40,4,40,4,0,0,0,0,1,"never",0,0
"BY54","YA13","YA13_BY54",40,4,55,4,2,1,1,0,0,"never",0,0
"BY54","YA14","YA14_BY54",40,4,35,4,1,1,0,1,0,"never",0,0
"BY54","YA15","YA15_BY54",40,4,35,2,0,0,0,1,1,"never",0,0
"BY55","YA01","YA01_BY55",30,3,41,14,2,1,1,1,0,"often",1,0
"BY55","YA16","YA16_BY55",30,3,40,4,0,0,0,0,1,"never",0,0
"BY55","YA14","YA14_BY55",30,3,35,4,1,1,0,1,0,"never",0,0
"BY55","YA02","YA02_BY55",30,3,56,6,2,1,1,1,1,"never",0,0
"BY55","YA17","YA17_BY55",30,3,47,11,2,1,1,0,0,"never",0,0
"BY55","YA15","YA15_BY55",30,3,35,2,0,0,0,1,1,"never",0,0
"BY55","YA03","YA03_BY55",30,3,54,0,0,0,0,1,0,"never",0,0
"BY55","YA04","YA04_BY55",30,3,52,8,1,1,1,1,0,"never",0,0
"BY55","YA13","YA13_BY55",30,3,55,4,2,1,1,0,0,"never",0,0
"BY55","YA18","YA18_BY55",30,3,56,7,2,1,1,1,1,"never",0,0
"BY55","YA05","YA05_BY55",30,3,64,7,0,0,1,1,1,"never",0,0
"BY55","YA06","YA06_BY55",30,3,40,2,0,1,0,0,0,"never",0,0
"BY55","YA10","YA10_BY55",30,3,40,1,0,0,0,1,0,"never",0,0
"BY55","YA08","YA08_BY55",30,3,36,7,1,0,0,1,0,"often",1,0
"BY55","YA09","YA09_BY55",30,3,45,7,1,0,1,1,0,"never",0,0
"BY55","YA12","YA12_BY55",30,3,33,5,2,1,1,1,0,"sometime",1,0
"BY55","YA07","YA07_BY55",30,3,60,14,1,1,1,0,1,"never",0,0
"BY55","YA11","YA11_BY55",30,3,41,1,0,0,0,0,0,"never",0,0
"BY56","YA01","YA01_BY56",35,7,41,14,2,1,1,1,0,"sometime",1,0.188666666666667
"BY56","YA04","YA04_BY56",35,7,52,8,1,1,1,1,0,"never",0,0.188666666666667
"BY56","YA05","YA05_BY56",35,7,64,7,0,0,1,1,1,"sometime",1,0.188666666666667
"BY56","YA02","YA02_BY56",35,7,56,6,2,1,1,1,1,"often",1,0.188666666666667
"BY56","YA03","YA03_BY56",35,7,54,0,0,0,0,1,0,"never",0,0.188666666666667
"BY56","YA10","YA10_BY56",35,7,40,1,0,0,0,1,0,"sometime",1,0.188666666666667
"BY56","YA11","YA11_BY56",35,7,41,1,0,0,0,0,0,"never",0,0.188666666666667
"BY56","YA12","YA12_BY56",35,7,33,5,2,1,1,1,0,"often",1,0.188666666666667
"BY56","YA13","YA13_BY56",35,7,55,4,2,1,1,0,0,"never",0,0.188666666666667
"BY56","YA17","YA17_BY56",35,7,47,11,2,1,1,0,0,"never",0,0.188666666666667
"BY56","YA14","YA14_BY56",35,7,35,4,1,1,0,1,0,"never",0,0.188666666666667
"BY56","YA15","YA15_BY56",35,7,35,2,0,0,0,1,1,"sometime",1,0.188666666666667
"BY56","YA16","YA16_BY56",35,7,40,4,0,0,0,0,1,"never",0,0.188666666666667
"BY56","YA09","YA09_BY56",35,7,45,7,1,0,1,1,0,"never",0,0.188666666666667
"BY56","YA06","YA06_BY56",35,7,40,2,0,1,0,0,0,"sometime",1,0.188666666666667
"BY56","YA07","YA07_BY56",35,7,60,14,1,1,1,0,1,"often",1,0.188666666666667
"BY56","YA08","YA08_BY56",35,7,36,7,1,0,0,1,0,"often",1,0.188666666666667
"BY56","YA18","YA18_BY56",35,7,56,7,2,1,1,1,1,"never",0,0.188666666666667
"BY57","YA11","YA11_BY57",30,2,41,1,0,0,0,0,0,"never",0,0.01
"BY57","YA06","YA06_BY57",30,2,40,2,0,1,0,0,0,"never",0,0.01
"BY57","YA08","YA08_BY57",30,2,36,7,1,0,0,1,0,"never",0,0.01
"BY57","YA09","YA09_BY57",30,2,45,7,1,0,1,1,0,"never",0,0.01
"BY57","YA10","YA10_BY57",30,2,40,1,0,0,0,1,0,"never",0,0.01
"BY57","YA07","YA07_BY57",30,2,60,14,1,1,1,0,1,"never",0,0.01
"BY57","YA13","YA13_BY57",30,2,55,4,2,1,1,0,0,"never",0,0.01
"BY57","YA14","YA14_BY57",30,2,35,4,1,1,0,1,0,"never",0,0.01
"BY57","YA15","YA15_BY57",30,2,35,2,0,0,0,1,1,"never",0,0.01
"BY57","YA12","YA12_BY57",30,2,33,5,2,1,1,1,0,"often",1,0.01
"BY57","YA17","YA17_BY57",30,2,47,11,2,1,1,0,0,"never",0,0.01
"BY57","YA18","YA18_BY57",30,2,56,7,2,1,1,1,1,"never",0,0.01
"BY57","YA03","YA03_BY57",30,2,54,0,0,0,0,1,0,"never",0,0.01
"BY57","YA04","YA04_BY57",30,2,52,8,1,1,1,1,0,"never",0,0.01
"BY57","YA05","YA05_BY57",30,2,64,7,0,0,1,1,1,"sometime",1,0.01
"BY57","YA01","YA01_BY57",30,2,41,14,2,1,1,1,0,"never",0,0.01
"BY57","YA02","YA02_BY57",30,2,56,6,2,1,1,1,1,"often",1,0.01
"BY57","YA16","YA16_BY57",30,2,40,4,0,0,0,0,1,"never",0,0.01
"BY58","YA06","YA06_BY58",25,1,40,2,0,1,0,0,0,"never",0,0.008
"BY58","YA04","YA04_BY58",25,1,52,8,1,1,1,1,0,"never",0,0.008
"BY58","YA05","YA05_BY58",25,1,64,7,0,0,1,1,1,"never",0,0.008
"BY58","YA10","YA10_BY58",25,1,40,1,0,0,0,1,0,"never",0,0.008
"BY58","YA07","YA07_BY58",25,1,60,14,1,1,1,0,1,"never",0,0.008
"BY58","YA08","YA08_BY58",25,1,36,7,1,0,0,1,0,"never",0,0.008
"BY58","YA09","YA09_BY58",25,1,45,7,1,0,1,1,0,"never",0,0.008
"BY58","YA01","YA01_BY58",25,1,41,14,2,1,1,1,0,"never",0,0.008
"BY58","YA02","YA02_BY58",25,1,56,6,2,1,1,1,1,"never",0,0.008
"BY58","YA03","YA03_BY58",25,1,54,0,0,0,0,1,0,"never",0,0.008
"BY58","YA16","YA16_BY58",25,1,40,4,0,0,0,0,1,"never",0,0.008
"BY58","YA17","YA17_BY58",25,1,47,11,2,1,1,0,0,"never",0,0.008
"BY58","YA18","YA18_BY58",25,1,56,7,2,1,1,1,1,"never",0,0.008
"BY58","YA14","YA14_BY58",25,1,35,4,1,1,0,1,0,"never",0,0.008
"BY58","YA11","YA11_BY58",25,1,41,1,0,0,0,0,0,"never",0,0.008
"BY58","YA12","YA12_BY58",25,1,33,5,2,1,1,1,0,"never",0,0.008
"BY58","YA13","YA13_BY58",25,1,55,4,2,1,1,0,0,"often",1,0.008
"BY58","YA15","YA15_BY58",25,1,35,2,0,0,0,1,1,"sometime",1,0.008
"BY59","YA03","YA03_BY59",20,1,54,0,0,0,0,1,0,"never",0,0
"BY59","YA04","YA04_BY59",20,1,52,8,1,1,1,1,0,"never",0,0
"BY59","YA01","YA01_BY59",20,1,41,14,2,1,1,1,0,"never",0,0
"BY59","YA02","YA02_BY59",20,1,56,6,2,1,1,1,1,"never",0,0
"BY59","YA05","YA05_BY59",20,1,64,7,0,0,1,1,1,"never",0,0
"BY59","YA06","YA06_BY59",20,1,40,2,0,1,0,0,0,"never",0,0
"BY59","YA13","YA13_BY59",20,1,55,4,2,1,1,0,0,"never",0,0
"BY59","YA14","YA14_BY59",20,1,35,4,1,1,0,1,0,"never",0,0
"BY59","YA10","YA10_BY59",20,1,40,1,0,0,0,1,0,"never",0,0
"BY59","YA11","YA11_BY59",20,1,41,1,0,0,0,0,0,"never",0,0
"BY59","YA15","YA15_BY59",20,1,35,2,0,0,0,1,1,"never",0,0
"BY59","YA07","YA07_BY59",20,1,60,14,1,1,1,0,1,"never",0,0
"BY59","YA09","YA09_BY59",20,1,45,7,1,0,1,1,0,"never",0,0
"BY59","YA08","YA08_BY59",20,1,36,7,1,0,0,1,0,"never",0,0
"BY59","YA18","YA18_BY59",20,1,56,7,2,1,1,1,1,"never",0,0
"BY59","YA12","YA12_BY59",20,1,33,5,2,1,1,1,0,"never",0,0
"BY59","YA17","YA17_BY59",20,1,47,11,2,1,1,0,0,"never",0,0
"BY59","YA16","YA16_BY59",20,1,40,4,0,0,0,0,1,"never",0,0
"BY60","YA18","YA18_BY60",35,5,56,7,2,1,1,1,1,"never",0,0
"BY60","YA07","YA07_BY60",35,5,60,14,1,1,1,0,1,"never",0,0
"BY60","YA08","YA08_BY60",35,5,36,7,1,0,0,1,0,"never",0,0
"BY60","YA12","YA12_BY60",35,5,33,5,2,1,1,1,0,"never",0,0
"BY60","YA13","YA13_BY60",35,5,55,4,2,1,1,0,0,"never",0,0
"BY60","YA17","YA17_BY60",35,5,47,11,2,1,1,0,0,"never",0,0
"BY60","YA11","YA11_BY60",35,5,41,1,0,0,0,0,0,"never",0,0
"BY60","YA14","YA14_BY60",35,5,35,4,1,1,0,1,0,"never",0,0
"BY60","YA15","YA15_BY60",35,5,35,2,0,0,0,1,1,"never",0,0
"BY60","YA16","YA16_BY60",35,5,40,4,0,0,0,0,1,"never",0,0
"BY60","YA04","YA04_BY60",35,5,52,8,1,1,1,1,0,"never",0,0
"BY60","YA05","YA05_BY60",35,5,64,7,0,0,1,1,1,"never",0,0
"BY60","YA06","YA06_BY60",35,5,40,2,0,1,0,0,0,"never",0,0
"BY60","YA09","YA09_BY60",35,5,45,7,1,0,1,1,0,"never",0,0
"BY60","YA10","YA10_BY60",35,5,40,1,0,0,0,1,0,"never",0,0
"BY60","YA03","YA03_BY60",35,5,54,0,0,0,0,1,0,"never",0,0
"BY60","YA02","YA02_BY60",35,5,56,6,2,1,1,1,1,"never",0,0
"BY60","YA01","YA01_BY60",35,5,41,14,2,1,1,1,0,"never",0,0
"BY61","YA01","YA01_BY61",25,3,41,14,2,1,1,1,0,"never",0,0
"BY61","YA02","YA02_BY61",25,3,56,6,2,1,1,1,1,"often",1,0
"BY61","YA03","YA03_BY61",25,3,54,0,0,0,0,1,0,"never",0,0
"BY61","YA04","YA04_BY61",25,3,52,8,1,1,1,1,0,"never",0,0
"BY61","YA06","YA06_BY61",25,3,40,2,0,1,0,0,0,"never",0,0
"BY61","YA05","YA05_BY61",25,3,64,7,0,0,1,1,1,"never",0,0
"BY61","YA16","YA16_BY61",25,3,40,4,0,0,0,0,1,"never",0,0
"BY61","YA09","YA09_BY61",25,3,45,7,1,0,1,1,0,"never",0,0
"BY61","YA10","YA10_BY61",25,3,40,1,0,0,0,1,0,"never",0,0
"BY61","YA14","YA14_BY61",25,3,35,4,1,1,0,1,0,"never",0,0
"BY61","YA08","YA08_BY61",25,3,36,7,1,0,0,1,0,"never",0,0
"BY61","YA12","YA12_BY61",25,3,33,5,2,1,1,1,0,"never",0,0
"BY61","YA13","YA13_BY61",25,3,55,4,2,1,1,0,0,"never",0,0
"BY61","YA15","YA15_BY61",25,3,35,2,0,0,0,1,1,"never",0,0
"BY61","YA17","YA17_BY61",25,3,47,11,2,1,1,0,0,"never",0,0
"BY61","YA07","YA07_BY61",25,3,60,14,1,1,1,0,1,"never",0,0
"BY61","YA11","YA11_BY61",25,3,41,1,0,0,0,0,0,"never",0,0
"BY61","YA18","YA18_BY61",25,3,56,7,2,1,1,1,1,"never",0,0
"BY62","YA01","YA01_BY62",35,5,41,14,2,1,1,1,0,"never",0,0.016
"BY62","YA03","YA03_BY62",35,5,54,0,0,0,0,1,0,"never",0,0.016
"BY62","YA04","YA04_BY62",35,5,52,8,1,1,1,1,0,"never",0,0.016
"BY62","YA05","YA05_BY62",35,5,64,7,0,0,1,1,1,"never",0,0.016
"BY62","YA02","YA02_BY62",35,5,56,6,2,1,1,1,1,"never",0,0.016
"BY62","YA11","YA11_BY62",35,5,41,1,0,0,0,0,0,"never",0,0.016
"BY62","YA12","YA12_BY62",35,5,33,5,2,1,1,1,0,"never",0,0.016
"BY62","YA13","YA13_BY62",35,5,55,4,2,1,1,0,0,"never",0,0.016
"BY62","YA14","YA14_BY62",35,5,35,4,1,1,0,1,0,"never",0,0.016
"BY62","YA15","YA15_BY62",35,5,35,2,0,0,0,1,1,"never",0,0.016
"BY62","YA16","YA16_BY62",35,5,40,4,0,0,0,0,1,"never",0,0.016
"BY62","YA17","YA17_BY62",35,5,47,11,2,1,1,0,0,"never",0,0.016
"BY62","YA18","YA18_BY62",35,5,56,7,2,1,1,1,1,"never",0,0.016
"BY62","YA06","YA06_BY62",35,5,40,2,0,1,0,0,0,"never",0,0.016
"BY62","YA07","YA07_BY62",35,5,60,14,1,1,1,0,1,"never",0,0.016
"BY62","YA08","YA08_BY62",35,5,36,7,1,0,0,1,0,"never",0,0.016
"BY62","YA09","YA09_BY62",35,5,45,7,1,0,1,1,0,"never",0,0.016
"BY62","YA10","YA10_BY62",35,5,40,1,0,0,0,1,0,"never",0,0.016
"BY63","YA07","YA07_BY63",20,0,60,14,1,1,1,0,1,"never",0,0
"BY63","YA08","YA08_BY63",20,0,36,7,1,0,0,1,0,"never",0,0
"BY63","YA04","YA04_BY63",20,0,52,8,1,1,1,1,0,"never",0,0
"BY63","YA05","YA05_BY63",20,0,64,7,0,0,1,1,1,"never",0,0
"BY63","YA06","YA06_BY63",20,0,40,2,0,1,0,0,0,"never",0,0
"BY63","YA03","YA03_BY63",20,0,54,0,0,0,0,1,0,"never",0,0
"BY63","YA09","YA09_BY63",20,0,45,7,1,0,1,1,0,"never",0,0
"BY63","YA10","YA10_BY63",20,0,40,1,0,0,0,1,0,"never",0,0
"BY63","YA11","YA11_BY63",20,0,41,1,0,0,0,0,0,"never",0,0
"BY63","YA02","YA02_BY63",20,0,56,6,2,1,1,1,1,"never",0,0
"BY63","YA01","YA01_BY63",20,0,41,14,2,1,1,1,0,"never",0,0
"BY63","YA15","YA15_BY63",20,0,35,2,0,0,0,1,1,"never",0,0
"BY63","YA16","YA16_BY63",20,0,40,4,0,0,0,0,1,"never",0,0
"BY63","YA17","YA17_BY63",20,0,47,11,2,1,1,0,0,"never",0,0
"BY63","YA14","YA14_BY63",20,0,35,4,1,1,0,1,0,"never",0,0
"BY63","YA18","YA18_BY63",20,0,56,7,2,1,1,1,1,"never",0,0
"BY63","YA12","YA12_BY63",20,0,33,5,2,1,1,1,0,"never",0,0
"BY63","YA13","YA13_BY63",20,0,55,4,2,1,1,0,0,"never",0,0
"BY64","YA01","YA01_BY64",40,0,41,14,2,1,1,1,0,"never",0,0.01
"BY64","YA02","YA02_BY64",40,0,56,6,2,1,1,1,1,"never",0,0.01
"BY64","YA03","YA03_BY64",40,0,54,0,0,0,0,1,0,"never",0,0.01
"BY64","YA04","YA04_BY64",40,0,52,8,1,1,1,1,0,"never",0,0.01
"BY64","YA05","YA05_BY64",40,0,64,7,0,0,1,1,1,"never",0,0.01
"BY64","YA06","YA06_BY64",40,0,40,2,0,1,0,0,0,"never",0,0.01
"BY64","YA07","YA07_BY64",40,0,60,14,1,1,1,0,1,"never",0,0.01
"BY64","YA08","YA08_BY64",40,0,36,7,1,0,0,1,0,"never",0,0.01
"BY64","YA09","YA09_BY64",40,0,45,7,1,0,1,1,0,"never",0,0.01
"BY64","YA10","YA10_BY64",40,0,40,1,0,0,0,1,0,"never",0,0.01
"BY64","YA11","YA11_BY64",40,0,41,1,0,0,0,0,0,"never",0,0.01
"BY64","YA12","YA12_BY64",40,0,33,5,2,1,1,1,0,"never",0,0.01
"BY64","YA13","YA13_BY64",40,0,55,4,2,1,1,0,0,"never",0,0.01
"BY64","YA14","YA14_BY64",40,0,35,4,1,1,0,1,0,"sometime",1,0.01
"BY64","YA15","YA15_BY64",40,0,35,2,0,0,0,1,1,"never",0,0.01
"BY64","YA16","YA16_BY64",40,0,40,4,0,0,0,0,1,"never",0,0.01
"BY64","YA17","YA17_BY64",40,0,47,11,2,1,1,0,0,"never",0,0.01
"BY64","YA18","YA18_BY64",40,0,56,7,2,1,1,1,1,"never",0,0.01
"BY65","YA01","YA01_BY65",45,4,41,14,2,1,1,1,0,"one time",0,0.238666666666667
"BY65","YA02","YA02_BY65",45,4,56,6,2,1,1,1,1,"never",0,0.238666666666667
"BY65","YA03","YA03_BY65",45,4,54,0,0,0,0,1,0,"never",0,0.238666666666667
"BY65","YA04","YA04_BY65",45,4,52,8,1,1,1,1,0,"never",0,0.238666666666667
"BY65","YA05","YA05_BY65",45,4,64,7,0,0,1,1,1,"never",0,0.238666666666667
"BY65","YA06","YA06_BY65",45,4,40,2,0,1,0,0,0,"sometime",1,0.238666666666667
"BY65","YA07","YA07_BY65",45,4,60,14,1,1,1,0,1,"never",0,0.238666666666667
"BY65","YA08","YA08_BY65",45,4,36,7,1,0,0,1,0,"never",0,0.238666666666667
"BY65","YA09","YA09_BY65",45,4,45,7,1,0,1,1,0,"often",1,0.238666666666667
"BY65","YA10","YA10_BY65",45,4,40,1,0,0,0,1,0,"sometime",1,0.238666666666667
"BY65","YA11","YA11_BY65",45,4,41,1,0,0,0,0,0,"never",0,0.238666666666667
"BY65","YA12","YA12_BY65",45,4,33,5,2,1,1,1,0,"sometime",1,0.238666666666667
"BY65","YA13","YA13_BY65",45,4,55,4,2,1,1,0,0,"never",0,0.238666666666667
"BY65","YA14","YA14_BY65",45,4,35,4,1,1,0,1,0,"sometime",1,0.238666666666667
"BY65","YA15","YA15_BY65",45,4,35,2,0,0,0,1,1,"never",0,0.238666666666667
"BY65","YA16","YA16_BY65",45,4,40,4,0,0,0,0,1,"never",0,0.238666666666667
"BY65","YA17","YA17_BY65",45,4,47,11,2,1,1,0,0,"never",0,0.238666666666667
"BY65","YA18","YA18_BY65",45,4,56,7,2,1,1,1,1,"never",0,0.238666666666667
